{"cameraMode":{"drawMode":0,"name":"Shaded","section":"Shading Mode"},"sceneLighting":false,"audioPlay":false,"sceneViewState":{"m_AlwaysRefresh":false,"showFog":true,"showSkybox":false,"showFlares":true,"showImageEffects":true,"showParticleSystems":true,"showVisualEffectGraphs":true,"m_FxEnabled":true},"in2DMode":false,"pivot":{"x":-1.1554430723190308,"y":-0.6909040212631226,"z":0.8197070360183716},"rotation":{"x":0.1879749596118927,"y":-0.43528032302856448,"z":0.0934596136212349,"w":0.8754789233207703},"size":1.8415942192077637,"orthographic":false}